OBJECTID,name,year,rate
1,Lyon,2001,5.044736842
1,Lyon,2002,4.852331606
1,Lyon,2003,4.525672372
1,Lyon,2004,4.373522459
1,Lyon,2005,4.201342282
1,Lyon,2006,4.219399538
1,Lyon,2007,4.241935484
1,Lyon,2008,3.817047817
1,Lyon,2009,3.633009709
1,Lyon,2010,3.49380531
1,Lyon,2011,3.474315068
1,Lyon,2012,3.522491349
1,Lyon,2013,3.559414991
1,Lyon,2014,3.658715596
1,Lyon,2015,3.703041145
1,Lyon,2016,3.920152091
1,Lyon,2017,3.953488372
1,Lyon,2018,3.238993711
1,Lyon,2019,3.283653846
1,Lyon,2020,3.266990291
1,Lyon,2021,3.45959596
1,Lyon,2022,3.262243286
2,Osceola,2001,5.164835165
2,Osceola,2002,4.751269036
2,Osceola,2003,4.730569948
2,Osceola,2004,4.050228311
2,Osceola,2005,3.574380165
2,Osceola,2006,3.630705394
2,Osceola,2007,3.522088353
2,Osceola,2008,3.794759825
2,Osceola,2009,3.259109312
2,Osceola,2010,3.022058824
2,Osceola,2011,2.94795539
2,Osceola,2012,2.456193353
2,Osceola,2013,2.26686217
2,Osceola,2014,2.451104101
2,Osceola,2015,2.531353135
2,Osceola,2016,2.386292835
2,Osceola,2017,2.164804469
2,Osceola,2018,2.175287356
2,Osceola,2019,2.076704545
2,Osceola,2020,2.008426966
2,Osceola,2021,1.949295775
2,Osceola,2022,1.979651163
3,Dickinson,2001,5.121442125
3,Dickinson,2002,5.164410058
3,Dickinson,2003,5.333333333
3,Dickinson,2004,2.401050788
3,Dickinson,2005,2.282679739
3,Dickinson,2006,4.201574803
3,Dickinson,2007,3.985074627
3,Dickinson,2008,3.75177305
3,Dickinson,2009,1.910273082
3,Dickinson,2010,1.875354108
3,Dickinson,2011,1.876230661
3,Dickinson,2012,0.4765625
3,Dickinson,2013,1.693333333
3,Dickinson,2014,3.166032953
3,Dickinson,2015,3.435135135
3,Dickinson,2016,3.37816245
3,Dickinson,2017,3.31038961
3,Dickinson,2018,2.920724802
3,Dickinson,2019,2.781449893
3,Dickinson,2020,3.350189633
3,Dickinson,2021,3.511288181
3,Dickinson,2022,3.098737084
4,Emmet,2001,3.052364865
4,Emmet,2002,2.776357827
4,Emmet,2003,2.532163743
4,Emmet,2004,0.625954198
4,Emmet,2005,0.611275964
4,Emmet,2006,2.481321839
4,Emmet,2007,2.569141194
4,Emmet,2008,2.429985856
4,Emmet,2009,0.42746114
4,Emmet,2010,0.46013986
4,Emmet,2011,0.446979866
4,Emmet,2012,0.302739726
4,Emmet,2013,0.319880419
4,Emmet,2014,2.221510883
4,Emmet,2015,2.214756258
4,Emmet,2016,2.170512821
4,Emmet,2017,2.105670103
4,Emmet,2018,1.946650124
4,Emmet,2019,2.020725389
4,Emmet,2020,1.835164835
4,Emmet,2021,1.953063885
4,Emmet,2022,1.902759527
5,Allamakee,2001,3.39507772
5,Allamakee,2002,3.02237927
5,Allamakee,2003,2.913892078
5,Allamakee,2004,1.086680761
5,Allamakee,2005,1.048755187
5,Allamakee,2006,2.58071506
5,Allamakee,2007,2.384851586
5,Allamakee,2008,2.322482197
5,Allamakee,2009,0.923502304
5,Allamakee,2010,0.877350045
5,Allamakee,2011,0.844559585
5,Allamakee,2012,0.809290954
5,Allamakee,2013,0.81074579
5,Allamakee,2014,1.547307132
5,Allamakee,2015,1.705835332
5,Allamakee,2016,1.866258741
5,Allamakee,2017,1.875996457
5,Allamakee,2018,1.631293571
5,Allamakee,2019,1.60587792
5,Allamakee,2020,1.588190184
5,Allamakee,2021,1.951171875
5,Allamakee,2022,1.903165736
6,Kossuth,2001,3.724358974
6,Kossuth,2002,3.397897898
6,Kossuth,2003,2.993188011
6,Kossuth,2004,1.125698324
6,Kossuth,2005,1.069832402
6,Kossuth,2006,3.133020344
6,Kossuth,2007,3.022865854
6,Kossuth,2008,2.98502994
6,Kossuth,2009,0.866666667
6,Kossuth,2010,0.859375
6,Kossuth,2011,0.754889179
6,Kossuth,2012,0.812274368
6,Kossuth,2013,0.730458221
6,Kossuth,2014,2.575342466
6,Kossuth,2015,2.560583942
6,Kossuth,2016,2.466954023
6,Kossuth,2017,2.43864598
6,Kossuth,2018,2.238219895
6,Kossuth,2019,2.334254144
6,Kossuth,2020,2.388489209
6,Kossuth,2021,2.597542243
6,Kossuth,2022,2.542296073
7,Winneshiek,2001,5.778969957
7,Winneshiek,2002,5.118712274
7,Winneshiek,2003,4.924855491
7,Winneshiek,2004,2.151033386
7,Winneshiek,2005,2.260067114
7,Winneshiek,2006,4.564263323
7,Winneshiek,2007,4.690671031
7,Winneshiek,2008,4.855932203
7,Winneshiek,2009,1.634437086
7,Winneshiek,2010,1.58125
7,Winneshiek,2011,1.627163782
7,Winneshiek,2012,1.554973822
7,Winneshiek,2013,1.396481732
7,Winneshiek,2014,3.546174142
7,Winneshiek,2015,3.490013316
7,Winneshiek,2016,4.108766234
7,Winneshiek,2017,4.244107744
7,Winneshiek,2018,3.667155425
7,Winneshiek,2019,3.553648069
7,Winneshiek,2020,3.638461538
7,Winneshiek,2021,3.791732909
7,Winneshiek,2022,3.530973451
8,Howard,2001,4.05785124
8,Howard,2002,3.554528651
8,Howard,2003,3.627340824
8,Howard,2004,0.712041885
8,Howard,2005,0.771266541
8,Howard,2006,3.600401606
8,Howard,2007,3.373253493
8,Howard,2008,3.285984848
8,Howard,2009,0.509836066
8,Howard,2010,0.42503639
8,Howard,2011,0.380636605
8,Howard,2012,0.417582418
8,Howard,2013,0.427576602
8,Howard,2014,2.270769231
8,Howard,2015,2.53024911
8,Howard,2016,2.435233161
8,Howard,2017,2.372212693
8,Howard,2018,2.187401575
8,Howard,2019,2.109034268
8,Howard,2020,2.403539823
8,Howard,2021,2.582230624
8,Howard,2022,2.111975117
9,Winnebago,2001,4.484076433
9,Winnebago,2002,4.243902439
9,Winnebago,2003,3.792349727
9,Winnebago,2004,1.917630058
9,Winnebago,2005,1.839838493
9,Winnebago,2006,3.318584071
9,Winnebago,2007,3.525587828
9,Winnebago,2008,3.403005464
9,Winnebago,2009,1.555263158
9,Winnebago,2010,1.67867036
9,Winnebago,2011,1.417156287
9,Winnebago,2012,1.354618016
9,Winnebago,2013,1.286839145
9,Winnebago,2014,2.511061947
9,Winnebago,2015,2.673733804
9,Winnebago,2016,2.633605601
9,Winnebago,2017,2.645390071
9,Winnebago,2018,2.646356033
9,Winnebago,2019,2.637243047
9,Winnebago,2020,2.920438957
9,Winnebago,2021,2.984722222
9,Winnebago,2022,2.611111111
10,Mitchell,2001,4.582901554
10,Mitchell,2002,4.534526854
10,Mitchell,2003,4.524173028
10,Mitchell,2004,1.911917098
10,Mitchell,2005,2.046961326
10,Mitchell,2006,4.546419098
10,Mitchell,2007,4.532085561
10,Mitchell,2008,4.226804124
10,Mitchell,2009,3.723004695
10,Mitchell,2010,3.552173913
10,Mitchell,2011,3.232931727
10,Mitchell,2012,3.027422303
10,Mitchell,2013,3.278242678
10,Mitchell,2014,3.203703704
10,Mitchell,2015,3.149797571
10,Mitchell,2016,3.498855835
10,Mitchell,2017,3.211538462
10,Mitchell,2018,3.067209776
10,Mitchell,2019,3.248908297
10,Mitchell,2020,3.131078224
10,Mitchell,2021,3.109704641
10,Mitchell,2022,3.396825397
11,Worth,2001,4.195219124
11,Worth,2002,3.954198473
11,Worth,2003,3.628865979
11,Worth,2004,3.5
11,Worth,2005,3.350649351
11,Worth,2006,3.129518072
11,Worth,2007,3.320819113
11,Worth,2008,3.749003984
11,Worth,2009,3.103896104
11,Worth,2010,2.771513353
11,Worth,2011,3.025287356
11,Worth,2012,2.71541502
11,Worth,2013,2.74522293
11,Worth,2014,2.83632287
11,Worth,2015,2.859090909
11,Worth,2016,2.82
11,Worth,2017,2.900921659
11,Worth,2018,2.47983871
11,Worth,2019,2.462626263
11,Worth,2020,2.684210526
11,Worth,2021,2.860730594
11,Worth,2022,2.558943089
12,Sioux,2001,3.726943942
12,Sioux,2002,3.73465704
12,Sioux,2003,3.68783542
12,Sioux,2004,2.529668412
12,Sioux,2005,2.515679443
12,Sioux,2006,3.578456319
12,Sioux,2007,3.5344
12,Sioux,2008,3.502736513
12,Sioux,2009,1.486430063
12,Sioux,2010,1.37037037
12,Sioux,2011,1.29589372
12,Sioux,2012,1.321106434
12,Sioux,2013,1.214076246
12,Sioux,2014,2.535926526
12,Sioux,2015,2.5777897
12,Sioux,2016,2.616372392
12,Sioux,2017,2.691769769
12,Sioux,2018,2.466341463
12,Sioux,2019,2.388052896
12,Sioux,2020,2.101578308
12,Sioux,2021,2.693597561
12,Sioux,2022,2.434259259
13,Obrien,2001,4.124423963
13,Obrien,2002,3.964885496
13,Obrien,2003,3.856711916
13,Obrien,2004,2.121640736
13,Obrien,2005,2.140324963
13,Obrien,2006,3.592203898
13,Obrien,2007,3.493313522
13,Obrien,2008,3.498529412
13,Obrien,2009,1.765667575
13,Obrien,2010,1.64556962
13,Obrien,2011,1.571257485
13,Obrien,2012,1.617100372
13,Obrien,2013,2.603508772
13,Obrien,2014,2.542237443
13,Obrien,2015,2.530973451
13,Obrien,2016,2.398713826
13,Obrien,2017,2.498866213
13,Obrien,2018,2.237574553
13,Obrien,2019,2.411385607
13,Obrien,2020,2.497767857
13,Obrien,2021,2.508908686
13,Obrien,2022,2.322614108
14,Clay,2001,4.127465857
14,Clay,2002,3.718270572
14,Clay,2003,3.795163585
14,Clay,2004,0.732240437
14,Clay,2005,0.649550706
14,Clay,2006,3.114914425
14,Clay,2007,3.095179234
14,Clay,2008,2.953181273
14,Clay,2009,0.452747253
14,Clay,2010,0.373150106
14,Clay,2011,0.360323887
14,Clay,2012,0.317658349
14,Clay,2013,0.32565445
14,Clay,2014,2.22265625
14,Clay,2015,2.351753454
14,Clay,2016,2.468926554
14,Clay,2017,2.476836158
14,Clay,2018,2.236180905
14,Clay,2019,2.264830508
14,Clay,2020,2.288562434
14,Clay,2021,2.307692308
14,Clay,2022,2.187992126
15,Palo Alto,2001,3.732067511
15,Palo Alto,2002,3.405189621
15,Palo Alto,2003,3.396303901
15,Palo Alto,2004,2.992537313
15,Palo Alto,2005,2.8866171
15,Palo Alto,2006,3.059055118
15,Palo Alto,2007,3.098790323
15,Palo Alto,2008,2.814285714
15,Palo Alto,2009,2.729241877
15,Palo Alto,2010,2.765923567
15,Palo Alto,2011,2.758454106
15,Palo Alto,2012,2.612121212
15,Palo Alto,2013,2.548286604
15,Palo Alto,2014,2.451070336
15,Palo Alto,2015,2.545454545
15,Palo Alto,2016,2.368723099
15,Palo Alto,2017,2.447004608
15,Palo Alto,2018,2.318926975
15,Palo Alto,2019,2.150344828
15,Palo Alto,2020,2.190677966
15,Palo Alto,2021,2.312217195
15,Palo Alto,2022,2.12995896
16,Hancock,2001,4.262820513
16,Hancock,2002,4.151898734
16,Hancock,2003,3.964876033
16,Hancock,2004,3.431985294
16,Hancock,2005,3.289855072
16,Hancock,2006,3.473180077
16,Hancock,2007,3.253496503
16,Hancock,2008,3.189380531
16,Hancock,2009,2.884033613
16,Hancock,2010,2.877221325
16,Hancock,2011,2.739616613
16,Hancock,2012,2.861538462
16,Hancock,2013,2.656140351
16,Hancock,2014,2.762962963
16,Hancock,2015,2.972273567
16,Hancock,2016,3.021235521
16,Hancock,2017,3.00589391
16,Hancock,2018,2.618150685
16,Hancock,2019,3.014112903
16,Hancock,2020,3.039175258
16,Hancock,2021,3.126609442
16,Hancock,2022,3.264108352
17,Cerro Gordo,2001,3.753929539
17,Cerro Gordo,2002,3.598635887
17,Cerro Gordo,2003,3.51720487
17,Cerro Gordo,2004,0.463579605
17,Cerro Gordo,2005,0.431472081
17,Cerro Gordo,2006,3.174523571
17,Cerro Gordo,2007,3.034889435
17,Cerro Gordo,2008,2.854728186
17,Cerro Gordo,2009,0.279769262
17,Cerro Gordo,2010,0.269822485
17,Cerro Gordo,2011,0.111813512
17,Cerro Gordo,2012,0.359038737
17,Cerro Gordo,2013,0.361651449
17,Cerro Gordo,2014,2.232479277
17,Cerro Gordo,2015,2.212807497
17,Cerro Gordo,2016,2.218345747
17,Cerro Gordo,2017,2.517689207
17,Cerro Gordo,2018,2.256565657
17,Cerro Gordo,2019,2.163413701
17,Cerro Gordo,2020,2.132375776
17,Cerro Gordo,2021,2.304570696
17,Cerro Gordo,2022,2.105590062
18,Chickasaw,2001,4.4646098
18,Chickasaw,2002,4.536312849
18,Chickasaw,2003,4.3432282
18,Chickasaw,2004,1.960644007
18,Chickasaw,2005,2.014732965
18,Chickasaw,2006,3.960784314
18,Chickasaw,2007,4.166666667
18,Chickasaw,2008,3.870106762
18,Chickasaw,2009,1.582677165
18,Chickasaw,2010,1.492668622
18,Chickasaw,2011,1.553772071
18,Chickasaw,2012,1.563091483
18,Chickasaw,2013,2.985893417
18,Chickasaw,2014,3.174089069
18,Chickasaw,2015,3.209677419
18,Chickasaw,2016,3.357388316
18,Chickasaw,2017,3.100200401
18,Chickasaw,2018,2.834572491
18,Chickasaw,2019,2.702010969
18,Chickasaw,2020,2.773897059
18,Chickasaw,2021,3.315436242
18,Chickasaw,2022,3.09623431
19,Floyd,2001,3.052462527
19,Floyd,2002,2.790882061
19,Floyd,2003,2.888075314
19,Floyd,2004,1.203640501
19,Floyd,2005,1.112903226
19,Floyd,2006,2.900546448
19,Floyd,2007,2.772870662
19,Floyd,2008,2.575073602
19,Floyd,2009,0.942798774
19,Floyd,2010,0.922998987
19,Floyd,2011,0.540983607
19,Floyd,2012,0.510835913
19,Floyd,2013,0.449060336
19,Floyd,2014,2.194475138
19,Floyd,2015,2.066246057
19,Floyd,2016,2.072572038
19,Floyd,2017,2.034188034
19,Floyd,2018,1.924623116
19,Floyd,2019,1.886363636
19,Floyd,2020,1.929577465
19,Floyd,2021,1.944501542
19,Floyd,2022,1.833665339
20,Clayton,2001,3.453475936
20,Clayton,2002,3.262226847
20,Clayton,2003,3.376779847
20,Clayton,2004,3.225
20,Clayton,2005,2.994542974
20,Clayton,2006,3.20328849
20,Clayton,2007,3.013850416
20,Clayton,2008,2.986091794
20,Clayton,2009,2.673656619
20,Clayton,2010,2.538461538
20,Clayton,2011,2.515228426
20,Clayton,2012,2.579617834
20,Clayton,2013,2.780821918
20,Clayton,2014,2.922644163
20,Clayton,2015,2.834699454
20,Clayton,2016,2.775675676
20,Clayton,2017,3.130434783
20,Clayton,2018,2.588729017
20,Clayton,2019,2.617142857
20,Clayton,2020,2.766773163
20,Clayton,2021,2.892682927
20,Clayton,2022,2.494901961
21,Fayette,2001,3.240188383
21,Fayette,2002,2.985218034
21,Fayette,2003,2.879120879
21,Fayette,2004,0.748523207
21,Fayette,2005,1.092852371
21,Fayette,2006,2.702739726
21,Fayette,2007,2.618983051
21,Fayette,2008,2.819110139
21,Fayette,2009,1.591304348
21,Fayette,2010,1.477316294
21,Fayette,2011,1.39350406
21,Fayette,2012,1.347692308
21,Fayette,2013,1.281129653
21,Fayette,2014,2.070917372
21,Fayette,2015,2.045542014
21,Fayette,2016,2.008301405
21,Fayette,2017,2.061497326
21,Fayette,2018,1.946270544
21,Fayette,2019,1.940880503
21,Fayette,2020,2.107977992
21,Fayette,2021,2.236520489
21,Fayette,2022,2.031270358
22,Plymouth,2001,6.112033195
22,Plymouth,2002,5.811497326
22,Plymouth,2003,5.491885144
22,Plymouth,2004,2.500587544
22,Plymouth,2005,2.281914894
22,Plymouth,2006,5.075845974
22,Plymouth,2007,5.062133646
22,Plymouth,2008,4.797327394
22,Plymouth,2009,2.164948454
22,Plymouth,2010,2.018450185
22,Plymouth,2011,1.936880072
22,Plymouth,2012,1.865697177
22,Plymouth,2013,1.753322259
22,Plymouth,2014,3.39408867
22,Plymouth,2015,3.441515651
22,Plymouth,2016,3.579526227
22,Plymouth,2017,3.469918699
22,Plymouth,2018,3.092552422
22,Plymouth,2019,3.034776437
22,Plymouth,2020,3.206922498
22,Plymouth,2021,3.275888133
22,Plymouth,2022,3.04721635
23,Cherokee,2001,4.729306488
23,Cherokee,2002,4.005813953
23,Cherokee,2003,3.7
23,Cherokee,2004,1.547272727
23,Cherokee,2005,1.436944938
23,Cherokee,2006,3.335779817
23,Cherokee,2007,3.538910506
23,Cherokee,2008,2.970099668
23,Cherokee,2009,1.128246753
23,Cherokee,2010,1.257657658
23,Cherokee,2011,1.145662848
23,Cherokee,2012,1.074780059
23,Cherokee,2013,1.029007634
23,Cherokee,2014,2.5
23,Cherokee,2015,2.604133545
23,Cherokee,2016,2.658496732
23,Cherokee,2017,2.496194825
23,Cherokee,2018,2.569060773
23,Cherokee,2019,2.688555347
23,Cherokee,2020,2.46875
23,Cherokee,2021,2.716911765
23,Cherokee,2022,2.58490566
24,Buena Vista,2001,2.597749648
24,Buena Vista,2002,2.607387141
24,Buena Vista,2003,2.432655654
24,Buena Vista,2004,1.125802311
24,Buena Vista,2005,1.035414166
24,Buena Vista,2006,2.124645892
24,Buena Vista,2007,2.127423823
24,Buena Vista,2008,2.018585441
24,Buena Vista,2009,0.787166742
24,Buena Vista,2010,0.774581365
24,Buena Vista,2011,0.732665331
24,Buena Vista,2012,0.700389105
24,Buena Vista,2013,0.66453929
24,Buena Vista,2014,1.597821702
24,Buena Vista,2015,1.550840979
24,Buena Vista,2016,1.636326194
24,Buena Vista,2017,1.653425213
24,Buena Vista,2018,1.635125184
24,Buena Vista,2019,1.57982906
24,Buena Vista,2020,1.692887931
24,Buena Vista,2021,1.691862568
24,Buena Vista,2022,1.780662152
25,Pocahontas,2001,3.359493671
25,Pocahontas,2002,3.401084011
25,Pocahontas,2003,3.236914601
25,Pocahontas,2004,3.495238095
25,Pocahontas,2005,2.874651811
25,Pocahontas,2006,3.291666667
25,Pocahontas,2007,2.959537572
25,Pocahontas,2008,2.819767442
25,Pocahontas,2009,2.367292225
25,Pocahontas,2010,2.250652742
25,Pocahontas,2011,2.198369565
25,Pocahontas,2012,2.155279503
25,Pocahontas,2013,1.960416667
25,Pocahontas,2014,1.895918367
25,Pocahontas,2015,1.809708738
25,Pocahontas,2016,1.911255411
25,Pocahontas,2017,1.85620915
25,Pocahontas,2018,1.746753247
25,Pocahontas,2019,1.853211009
25,Pocahontas,2020,1.731019523
25,Pocahontas,2021,1.985148515
25,Pocahontas,2022,1.720930233
26,Humboldt,2001,4.975206612
26,Humboldt,2002,4.338345865
26,Humboldt,2003,3.898148148
26,Humboldt,2004,0.641350211
26,Humboldt,2005,0.620618557
26,Humboldt,2006,3.634703196
26,Humboldt,2007,3.627586207
26,Humboldt,2008,3.153039832
26,Humboldt,2009,0.522968198
26,Humboldt,2010,0.452614379
26,Humboldt,2011,0.252115059
26,Humboldt,2012,0.220421394
26,Humboldt,2013,0.169039146
26,Humboldt,2014,2.511784512
26,Humboldt,2015,2.516351119
26,Humboldt,2016,2.493243243
26,Humboldt,2017,2.459770115
26,Humboldt,2018,2.486928105
26,Humboldt,2019,2.581967213
26,Humboldt,2020,2.675675676
26,Humboldt,2021,2.814285714
26,Humboldt,2022,2.423493045
27,Wright,2001,3.327887981
27,Wright,2002,3.121380846
27,Wright,2003,3.129139073
27,Wright,2004,2.80942623
27,Wright,2005,2.660731949
27,Wright,2006,2.663663664
27,Wright,2007,2.844660194
27,Wright,2008,2.537142857
27,Wright,2009,2.275768535
27,Wright,2010,2.164535379
27,Wright,2011,2.151465798
27,Wright,2012,2.006891271
27,Wright,2013,1.949680511
27,Wright,2014,1.933962264
27,Wright,2015,1.852631579
27,Wright,2016,1.788489209
27,Wright,2017,1.775289017
27,Wright,2018,1.671812081
27,Wright,2019,1.693527081
27,Wright,2020,1.782024062
27,Wright,2021,1.929420505
27,Wright,2022,1.666451196
28,Bremer,2001,6.0175
28,Bremer,2002,6.074683544
28,Bremer,2003,5.585142857
28,Bremer,2004,3.626155878
28,Bremer,2005,3.287951807
28,Bremer,2006,5.638755981
28,Bremer,2007,5.324354658
28,Bremer,2008,5.660332542
28,Bremer,2009,2.911513859
28,Bremer,2010,2.904015671
28,Bremer,2011,2.996923077
28,Bremer,2012,2.762211982
28,Bremer,2013,2.497753819
28,Bremer,2014,4.342409241
28,Bremer,2015,4.136879433
28,Bremer,2016,4.393479909
28,Bremer,2017,4.275080906
28,Bremer,2018,4.011235955
28,Bremer,2019,4.318327974
28,Bremer,2020,4.219415943
28,Bremer,2021,5.127840909
28,Bremer,2022,4.138167939
29,Franklin,2001,3.573055028
29,Franklin,2002,3.41252302
29,Franklin,2003,3.35359116
29,Franklin,2004,0.960264901
29,Franklin,2005,1.092281879
29,Franklin,2006,2.563380282
29,Franklin,2007,2.55526658
29,Franklin,2008,2.443717277
29,Franklin,2009,0.787804878
29,Franklin,2010,0.765116279
29,Franklin,2011,0.957224335
29,Franklin,2012,0.319562576
29,Franklin,2013,0.300653595
29,Franklin,2014,1.80952381
29,Franklin,2015,1.749688667
29,Franklin,2016,1.976311337
29,Franklin,2017,1.816883117
29,Franklin,2018,1.637115839
29,Franklin,2019,1.619103774
29,Franklin,2020,1.660353535
29,Franklin,2021,1.71483376
29,Franklin,2022,1.77377892
30,Butler,2001,4.341304348
30,Butler,2002,4.234899329
30,Butler,2003,4.151111111
30,Butler,2004,3.929637527
30,Butler,2005,4.058956916
30,Butler,2006,3.861995754
30,Butler,2007,3.590038314
30,Butler,2008,3.63618677
30,Butler,2009,3.518234165
30,Butler,2010,3.327464789
30,Butler,2011,3.012307692
30,Butler,2012,2.975830816
30,Butler,2013,3.123022847
30,Butler,2014,3.071550256
30,Butler,2015,3.142857143
30,Butler,2016,2.967576792
30,Butler,2017,3.014134276
30,Butler,2018,2.982078853
30,Butler,2019,3.270875764
30,Butler,2020,3.507658643
30,Butler,2021,4.43442623
30,Butler,2022,3.489224138
31,Dubuque,2001,3.612620508
31,Dubuque,2002,3.509339281
31,Dubuque,2003,3.510516252
31,Dubuque,2004,0
31,Dubuque,2005,0
31,Dubuque,2006,3.046422101
31,Dubuque,2007,3.095336077
31,Dubuque,2008,2.993848112
31,Dubuque,2009,0
31,Dubuque,2010,0
31,Dubuque,2011,0
31,Dubuque,2012,0
31,Dubuque,2013,0
31,Dubuque,2014,2.864767932
31,Dubuque,2015,2.811039901
31,Dubuque,2016,2.892819318
31,Dubuque,2017,2.813394153
31,Dubuque,2018,2.445938579
31,Dubuque,2019,2.681971106
31,Dubuque,2020,2.649081209
31,Dubuque,2021,2.766171237
31,Dubuque,2022,2.700246204
32,Delaware,2001,4.716981132
32,Delaware,2002,4.338983051
32,Delaware,2003,4.264550265
32,Delaware,2004,1.798267327
32,Delaware,2005,1.783783784
32,Delaware,2006,3.820224719
32,Delaware,2007,3.295227525
32,Delaware,2008,3.634708738
32,Delaware,2009,1.47255113
32,Delaware,2010,1.355329949
32,Delaware,2011,1.233521657
32,Delaware,2012,1.252417795
32,Delaware,2013,1.252326784
32,Delaware,2014,2.768205128
32,Delaware,2015,2.757796258
32,Delaware,2016,2.765079365
32,Delaware,2017,2.835920177
32,Delaware,2018,2.764769066
32,Delaware,2019,2.838664812
32,Delaware,2020,2.876728111
32,Delaware,2021,3.138582677
32,Delaware,2022,2.865102639
33,Webster,2001,2.978203083
33,Webster,2002,2.867807154
33,Webster,2003,2.612158341
33,Webster,2004,0.600755073
33,Webster,2005,0.604911676
33,Webster,2006,2.268618166
33,Webster,2007,2.213163482
33,Webster,2008,2.209234609
33,Webster,2009,0.521063395
33,Webster,2010,0.503139717
33,Webster,2011,0.469783352
33,Webster,2012,0.435530086
33,Webster,2013,0.420895522
33,Webster,2014,1.684751773
33,Webster,2015,1.771417883
33,Webster,2016,1.792445631
33,Webster,2017,1.805987116
33,Webster,2018,1.770873046
33,Webster,2019,1.814639906
33,Webster,2020,1.842358604
33,Webster,2021,1.844066424
33,Webster,2022,1.764356436
34,Buchanan,2001,4.240398293
34,Buchanan,2002,3.70411985
34,Buchanan,2003,3.736363636
34,Buchanan,2004,1.82010582
34,Buchanan,2005,1.82642487
34,Buchanan,2006,3.614503817
34,Buchanan,2007,3.442307692
34,Buchanan,2008,3.509225092
34,Buchanan,2009,1.64254386
34,Buchanan,2010,1.684090909
34,Buchanan,2011,1.595041322
34,Buchanan,2012,1.735955056
34,Buchanan,2013,1.718969555
34,Buchanan,2014,3.215819209
34,Buchanan,2015,3.57125
34,Buchanan,2016,3.2265625
34,Buchanan,2017,3.186753529
34,Buchanan,2018,3.103773585
34,Buchanan,2019,3.158179848
34,Buchanan,2020,2.946083418
34,Buchanan,2021,3.547215496
34,Buchanan,2022,3.283599089
35,Black Hawk,2001,2.633348547
35,Black Hawk,2002,2.544667742
35,Black Hawk,2003,2.453094094
35,Black Hawk,2004,0.214791632
35,Black Hawk,2005,0.234729494
35,Black Hawk,2006,2.654518072
35,Black Hawk,2007,2.665713426
35,Black Hawk,2008,2.497523702
35,Black Hawk,2009,0.166220915
35,Black Hawk,2010,0.141912277
35,Black Hawk,2011,0.138417431
35,Black Hawk,2012,0.137663489
35,Black Hawk,2013,0.133780405
35,Black Hawk,2014,1.966529015
35,Black Hawk,2015,1.99094423
35,Black Hawk,2016,2.016196153
35,Black Hawk,2017,2.389355742
35,Black Hawk,2018,2.073881374
35,Black Hawk,2019,1.961563447
35,Black Hawk,2020,1.89685814
35,Black Hawk,2021,1.925953628
35,Black Hawk,2022,1.870219436
36,Woodbury,2001,3.255357143
36,Woodbury,2002,2.997672872
36,Woodbury,2003,2.506567123
36,Woodbury,2004,0.403946002
36,Woodbury,2005,0.350109692
36,Woodbury,2006,2.535383319
36,Woodbury,2007,2.263730701
36,Woodbury,2008,2.29451617
36,Woodbury,2009,0.286744315
36,Woodbury,2010,0.29224763
36,Woodbury,2011,0.284018466
36,Woodbury,2012,0.242311376
36,Woodbury,2013,0.220614263
36,Woodbury,2014,1.710095498
36,Woodbury,2015,1.68073705
36,Woodbury,2016,1.792039401
36,Woodbury,2017,1.924794994
36,Woodbury,2018,1.822610108
36,Woodbury,2019,1.872547016
36,Woodbury,2020,1.624796821
36,Woodbury,2021,1.726951708
36,Woodbury,2022,1.663959391
37,Ida,2001,3.884297521
37,Ida,2002,3.324705882
37,Ida,2003,3.131455399
37,Ida,2004,3.35078534
37,Ida,2005,3.195372751
37,Ida,2006,3.15920398
37,Ida,2007,3.128140704
37,Ida,2008,3.385245902
37,Ida,2009,3.07310705
37,Ida,2010,3.134366925
37,Ida,2011,2.806146572
37,Ida,2012,3
37,Ida,2013,2.529832936
37,Ida,2014,2.747222222
37,Ida,2015,2.58961039
37,Ida,2016,2.729508197
37,Ida,2017,2.715846995
37,Ida,2018,2.253706755
37,Ida,2019,2.242326333
37,Ida,2020,2.1561051
37,Ida,2021,2.393356643
37,Ida,2022,2.365051903
38,Sac,2001,3.407407407
38,Sac,2002,3.092675635
38,Sac,2003,3.179321486
38,Sac,2004,3.121212121
38,Sac,2005,2.791793313
38,Sac,2006,2.881863561
38,Sac,2007,2.769110764
38,Sac,2008,2.766773163
38,Sac,2009,2.667697063
38,Sac,2010,2.508928571
38,Sac,2011,2.396870555
38,Sac,2012,0.969738652
38,Sac,2013,2.296191819
38,Sac,2014,2.301994302
38,Sac,2015,2.259776536
38,Sac,2016,2.458990536
38,Sac,2017,2.344410876
38,Sac,2018,2.146690519
38,Sac,2019,2
38,Sac,2020,1.917398946
38,Sac,2021,2.231707317
38,Sac,2022,2.254132231
39,Calhoun,2001,3.904273504
39,Calhoun,2002,3.393518519
39,Calhoun,2003,3.415730337
39,Calhoun,2004,3.303599374
39,Calhoun,2005,3.406040268
39,Calhoun,2006,3.285950413
39,Calhoun,2007,3.469642857
39,Calhoun,2008,3.341880342
39,Calhoun,2009,3.03348554
39,Calhoun,2010,2.913616398
39,Calhoun,2011,2.75
39,Calhoun,2012,2.70015456
39,Calhoun,2013,2.864620939
39,Calhoun,2014,2.891588785
39,Calhoun,2015,2.848484848
39,Calhoun,2016,2.757118928
39,Calhoun,2017,2.893577982
39,Calhoun,2018,2.396113602
39,Calhoun,2019,2.682051282
39,Calhoun,2020,2.674657534
39,Calhoun,2021,2.890359168
39,Calhoun,2022,2.581666667
40,Hamilton,2001,4.516431925
40,Hamilton,2002,4.023578363
40,Hamilton,2003,3.668380463
40,Hamilton,2004,1.448143406
40,Hamilton,2005,1.49934811
40,Hamilton,2006,3.231026786
40,Hamilton,2007,3.366081871
40,Hamilton,2008,3.413875598
40,Hamilton,2009,1.121822034
40,Hamilton,2010,1.003669725
40,Hamilton,2011,0.87257384
40,Hamilton,2012,0.862679023
40,Hamilton,2013,0.802345059
40,Hamilton,2014,2.273618538
40,Hamilton,2015,2.287398005
40,Hamilton,2016,2.271493213
40,Hamilton,2017,2.332378223
40,Hamilton,2018,2.157105031
40,Hamilton,2019,2.108768971
40,Hamilton,2020,2.243093923
40,Hamilton,2021,2.926713948
40,Hamilton,2022,2.262814539
41,Hardin,2001,3.555214724
41,Hardin,2002,3.327755906
41,Hardin,2003,3.193867458
41,Hardin,2004,1.87839102
41,Hardin,2005,1.827102804
41,Hardin,2006,3.182978723
41,Hardin,2007,3.049525817
41,Hardin,2008,2.941237113
41,Hardin,2009,1.676526718
41,Hardin,2010,1.566151203
41,Hardin,2011,1.464228935
41,Hardin,2012,1.44742901
41,Hardin,2013,1.368292683
41,Hardin,2014,2.416952055
41,Hardin,2015,2.385390428
41,Hardin,2016,2.424242424
41,Hardin,2017,2.474358974
41,Hardin,2018,2.300398406
41,Hardin,2019,2.330298013
41,Hardin,2020,2.229050279
41,Hardin,2021,2.457960644
41,Hardin,2022,2.528776978
42,Grundy,2001,5.473684211
42,Grundy,2002,5.045130641
42,Grundy,2003,4.848758465
42,Grundy,2004,4.442588727
42,Grundy,2005,4.697899838
42,Grundy,2006,4.879661017
42,Grundy,2007,4.811320755
42,Grundy,2008,4.635294118
42,Grundy,2009,3.980509745
42,Grundy,2010,4.157575758
42,Grundy,2011,4.070278184
42,Grundy,2012,3.577663671
42,Grundy,2013,3.492791612
42,Grundy,2014,3.466491459
42,Grundy,2015,3.276674938
42,Grundy,2016,3.555102041
42,Grundy,2017,3.722063037
42,Grundy,2018,3.363398693
42,Grundy,2019,3.507482993
42,Grundy,2020,3.744117647
42,Grundy,2021,3.833580981
42,Grundy,2022,3.548342541
43,Jackson,2001,3.539731682
43,Jackson,2002,3.436746988
43,Jackson,2003,3.12832264
43,Jackson,2004,1.702290076
43,Jackson,2005,1.451505017
43,Jackson,2006,2.974516696
43,Jackson,2007,2.86967854
43,Jackson,2008,2.744360902
43,Jackson,2009,1.350919265
43,Jackson,2010,1.313204509
43,Jackson,2011,1.308576481
43,Jackson,2012,1.215851602
43,Jackson,2013,1.165318958
43,Jackson,2014,2.420620438
43,Jackson,2015,2.246527778
43,Jackson,2016,2.189482471
43,Jackson,2017,2.235294118
43,Jackson,2018,2.0978173
43,Jackson,2019,2.264418811
43,Jackson,2020,2.32839963
43,Jackson,2021,2.577664975
43,Jackson,2022,2.398086124
44,Jones,2001,4.025798526
44,Jones,2002,3.752601156
44,Jones,2003,3.546857773
44,Jones,2004,0.873390558
44,Jones,2005,0.849137931
44,Jones,2006,3.431670282
44,Jones,2007,3.228686058
44,Jones,2008,3.35
44,Jones,2009,0.608736059
44,Jones,2010,0.615678776
44,Jones,2011,0.578324226
44,Jones,2012,0.559011894
44,Jones,2013,0.486324786
44,Jones,2014,2.452031115
44,Jones,2015,2.52748227
44,Jones,2016,2.445116681
44,Jones,2017,2.463176575
44,Jones,2018,2.392070485
44,Jones,2019,2.521575985
44,Jones,2020,2.55450237
44,Jones,2021,2.638151426
44,Jones,2022,2.463324048
45,Linn,2001,4.664770303
45,Linn,2002,4.248585391
45,Linn,2003,3.879298246
45,Linn,2004,0.318212366
45,Linn,2005,0.308517626
45,Linn,2006,3.568384026
45,Linn,2007,3.680930134
45,Linn,2008,3.464229249
45,Linn,2009,0.26947271
45,Linn,2010,0.252700348
45,Linn,2011,0.253268978
45,Linn,2012,0.236874742
45,Linn,2013,0.22172425
45,Linn,2014,2.8765582
45,Linn,2015,2.806408753
45,Linn,2016,2.842270304
45,Linn,2017,2.748109498
45,Linn,2018,2.654765396
45,Linn,2019,2.630499384
45,Linn,2020,2.604981944
45,Linn,2021,2.551619433
45,Linn,2022,2.557948345
46,Benton,2001,4.983353151
46,Benton,2002,4.521017699
46,Benton,2003,4.1718107
46,Benton,2004,0.634522662
46,Benton,2005,0.6
46,Benton,2006,3.936821323
46,Benton,2007,3.807000946
46,Benton,2008,3.610354223
46,Benton,2009,0.512866016
46,Benton,2010,0.50834065
46,Benton,2011,0.522785899
46,Benton,2012,0.527753304
46,Benton,2013,0.492293744
46,Benton,2014,3.132366274
46,Benton,2015,3.274024738
46,Benton,2016,3.2969815
46,Benton,2017,3.23164919
46,Benton,2018,3.117537313
46,Benton,2019,2.932114883
46,Benton,2020,2.893414211
46,Benton,2021,3.046345811
46,Benton,2022,2.923339012
47,Tama,2001,3.490740741
47,Tama,2002,3.472527473
47,Tama,2003,2.952980688
47,Tama,2004,1.464195451
47,Tama,2005,0.980276134
47,Tama,2006,2.75286757
47,Tama,2007,2.599601594
47,Tama,2008,2.805732484
47,Tama,2009,1.047619048
47,Tama,2010,1.104812834
47,Tama,2011,0.997053045
47,Tama,2012,0.952112676
47,Tama,2013,0.861061947
47,Tama,2014,1.995805369
47,Tama,2015,1.968266884
47,Tama,2016,2.020016681
47,Tama,2017,1.958502848
47,Tama,2018,1.893449092
47,Tama,2019,1.840680588
47,Tama,2020,1.768539326
47,Tama,2021,2.237451737
47,Tama,2022,1.852180937
48,Monona,2001,3.199178645
48,Monona,2002,2.868667917
48,Monona,2003,2.720754717
48,Monona,2004,2.465849387
48,Monona,2005,2.742125984
48,Monona,2006,2.533575318
48,Monona,2007,2.636882129
48,Monona,2008,2.421143847
48,Monona,2009,2.243611584
48,Monona,2010,2.074074074
48,Monona,2011,2.032305433
48,Monona,2012,1.947305389
48,Monona,2013,1.897567222
48,Monona,2014,1.906208719
48,Monona,2015,1.938748336
48,Monona,2016,1.906417112
48,Monona,2017,1.936486486
48,Monona,2018,1.847522236
48,Monona,2019,1.866402116
48,Monona,2020,1.778350515
48,Monona,2021,1.974504249
48,Monona,2022,2.01174743
49,Crawford,2001,2.497643732
49,Crawford,2002,2.354441513
49,Crawford,2003,2.210867802
49,Crawford,2004,0.664992826
49,Crawford,2005,0.860449735
49,Crawford,2006,2.153642384
49,Crawford,2007,2.008922881
49,Crawford,2008,1.961329305
49,Crawford,2009,0.679310345
49,Crawford,2010,0.636363636
49,Crawford,2011,0.735768501
49,Crawford,2012,0.684494382
49,Crawford,2013,0.639305816
49,Crawford,2014,1.664587332
49,Crawford,2015,1.617354196
49,Crawford,2016,1.478695423
49,Crawford,2017,1.529118136
49,Crawford,2018,1.505552618
49,Crawford,2019,1.482365145
49,Crawford,2020,1.475733333
49,Crawford,2021,1.86185567
49,Crawford,2022,1.629447853
50,Carroll,2001,3.890736342
50,Carroll,2002,3.865779927
50,Carroll,2003,3.811163895
50,Carroll,2004,1.673372781
50,Carroll,2005,1.503232759
50,Carroll,2006,3.054740958
50,Carroll,2007,3.223290598
50,Carroll,2008,3.311578947
50,Carroll,2009,1.277832512
50,Carroll,2010,1.12195122
50,Carroll,2011,0.835714286
50,Carroll,2012,0.861486486
50,Carroll,2013,0.826542491
50,Carroll,2014,2.790588235
50,Carroll,2015,2.594091904
50,Carroll,2016,2.628847845
50,Carroll,2017,2.602378929
50,Carroll,2018,2.374128582
50,Carroll,2019,2.638005159
50,Carroll,2020,2.917613636
50,Carroll,2021,2.993103448
50,Carroll,2022,2.62283737
51,Greene,2001,2.97443609
51,Greene,2002,2.634831461
51,Greene,2003,2.733031674
51,Greene,2004,0.825673534
51,Greene,2005,0.837795276
51,Greene,2006,2.636952998
51,Greene,2007,2.671568627
51,Greene,2008,2.43880597
51,Greene,2009,0.75911252
51,Greene,2010,0.581395349
51,Greene,2011,0.567200986
51,Greene,2012,0.602331606
51,Greene,2013,2.030478955
51,Greene,2014,2.071532847
51,Greene,2015,2.030726257
51,Greene,2016,2.1443769
51,Greene,2017,2.175738725
51,Greene,2018,2.209856916
51,Greene,2019,2.057777778
51,Greene,2020,2.085536547
51,Greene,2021,2.268251273
51,Greene,2022,2.125596184
52,Boone,2001,4.678571429
52,Boone,2002,4.367154812
52,Boone,2003,4.30880829
52,Boone,2004,1.708487085
52,Boone,2005,2.146800502
52,Boone,2006,3.739923225
52,Boone,2007,3.762795276
52,Boone,2008,3.415398389
52,Boone,2009,1.284634761
52,Boone,2010,1.215350224
52,Boone,2011,1.186502177
52,Boone,2012,1.264252696
52,Boone,2013,1.344161545
52,Boone,2014,3.250683683
52,Boone,2015,2.578947368
52,Boone,2016,2.784639747
52,Boone,2017,2.962774958
52,Boone,2018,2.688650307
52,Boone,2019,2.907692308
52,Boone,2020,3.149592022
52,Boone,2021,3.046532046
52,Boone,2022,3.017167382
53,Story,2001,7.741116751
53,Story,2002,6.897602074
53,Story,2003,5.820895522
53,Story,2004,1.148252537
53,Story,2005,0.54112337
53,Story,2006,5.121963071
53,Story,2007,5.618948464
53,Story,2008,4.812749004
53,Story,2009,0.4
53,Story,2010,0.384738956
53,Story,2011,0.346545455
53,Story,2012,0.328268551
53,Story,2013,0.334942443
53,Story,2014,4.002592593
53,Story,2015,3.817988669
53,Story,2016,3.840339103
53,Story,2017,4.14785553
53,Story,2018,3.77559322
53,Story,2019,3.948015455
53,Story,2020,3.839971801
53,Story,2021,4.265745008
53,Story,2022,3.873651236
54,Marshall,2001,2.739184178
54,Marshall,2002,2.638433879
54,Marshall,2003,2.339342524
54,Marshall,2004,0.537352556
54,Marshall,2005,0.515960712
54,Marshall,2006,2.087438424
54,Marshall,2007,1.993574766
54,Marshall,2008,1.936353211
54,Marshall,2009,0.483160965
54,Marshall,2010,0.475384215
54,Marshall,2011,0.469567404
54,Marshall,2012,0.454043677
54,Marshall,2013,0.486522551
54,Marshall,2014,1.677820025
54,Marshall,2015,1.667087968
54,Marshall,2016,1.999403163
54,Marshall,2017,1.739839503
54,Marshall,2018,1.56850131
54,Marshall,2019,1.898687215
54,Marshall,2020,1.596718903
54,Marshall,2021,1.71602649
54,Marshall,2022,1.669250646
55,Clinton,2001,3.351404828
55,Clinton,2002,3.30475816
55,Clinton,2003,3.139797069
55,Clinton,2004,0.826223776
55,Clinton,2005,0.456005353
55,Clinton,2006,2.730243414
55,Clinton,2007,2.649656526
55,Clinton,2008,2.707149853
55,Clinton,2009,0.421719457
55,Clinton,2010,0.421236873
55,Clinton,2011,0.447925992
55,Clinton,2012,0.461990021
55,Clinton,2013,0.444009633
55,Clinton,2014,2.282255593
55,Clinton,2015,2.141754787
55,Clinton,2016,2.175428234
55,Clinton,2017,2.152199762
55,Clinton,2018,2.05727247
55,Clinton,2019,2.339116203
55,Clinton,2020,2.347249834
55,Clinton,2021,2.370718603
55,Clinton,2022,2.247997437
56,Cedar,2001,5.614664587
56,Cedar,2002,6.103327496
56,Cedar,2003,5.757825371
56,Cedar,2004,5.6921797
56,Cedar,2005,5.217457887
56,Cedar,2006,5.366352201
56,Cedar,2007,4.779184248
56,Cedar,2008,4.583557951
56,Cedar,2009,4.24155194
56,Cedar,2010,3.847268673
56,Cedar,2011,3.780487805
56,Cedar,2012,3.607740586
56,Cedar,2013,3.430512017
56,Cedar,2014,3.533116178
56,Cedar,2015,3.67016317
56,Cedar,2016,3.547191011
56,Cedar,2017,3.866915423
56,Cedar,2018,3.455580866
56,Cedar,2019,3.353266888
56,Cedar,2020,3.173773987
56,Cedar,2021,3.434782609
56,Cedar,2022,3.109165808
57,Harrison,2001,3.667785235
57,Harrison,2002,3.393270242
57,Harrison,2003,3.193612774
57,Harrison,2004,2.983870968
57,Harrison,2005,3.02478551
57,Harrison,2006,3.061446977
57,Harrison,2007,3.221757322
57,Harrison,2008,3.084521385
57,Harrison,2009,3.059487179
57,Harrison,2010,2.957
57,Harrison,2011,2.98146241
57,Harrison,2012,2.824165029
57,Harrison,2013,2.739039666
57,Harrison,2014,2.658883249
57,Harrison,2015,2.902090209
57,Harrison,2016,2.873208379
57,Harrison,2017,2.948747153
57,Harrison,2018,2.527582748
57,Harrison,2019,2.625914316
57,Harrison,2020,2.89306698
57,Harrison,2021,2.85665529
57,Harrison,2022,2.54757085
58,Shelby,2001,3.535820896
58,Shelby,2002,3.522058824
58,Shelby,2003,3.531851852
58,Shelby,2004,1.127419355
58,Shelby,2005,0.553191489
58,Shelby,2006,3.898809524
58,Shelby,2007,3.480565371
58,Shelby,2008,3.463028169
58,Shelby,2009,0.53798768
58,Shelby,2010,0.437931034
58,Shelby,2011,0.458110517
58,Shelby,2012,0.387788779
58,Shelby,2013,0.408348457
58,Shelby,2014,3.012987013
58,Shelby,2015,3.120603015
58,Shelby,2016,3.074135091
58,Shelby,2017,2.94628752
58,Shelby,2018,2.512195122
58,Shelby,2019,2.696296296
58,Shelby,2020,2.42032967
58,Shelby,2021,2.586357039
58,Shelby,2022,2.452804378
59,Audubon,2001,3.829931973
59,Audubon,2002,4.041044776
59,Audubon,2003,3.685314685
59,Audubon,2004,3.610909091
59,Audubon,2005,3.173770492
59,Audubon,2006,3.084690554
59,Audubon,2007,3.291814947
59,Audubon,2008,2.983221477
59,Audubon,2009,2.989583333
59,Audubon,2010,3.04494382
59,Audubon,2011,2.75261324
59,Audubon,2012,2.937743191
59,Audubon,2013,2.768
59,Audubon,2014,2.712121212
59,Audubon,2015,2.734375
59,Audubon,2016,2.472906404
59,Audubon,2017,2.474747475
59,Audubon,2018,2.221238938
59,Audubon,2019,2.381395349
59,Audubon,2020,2.589473684
59,Audubon,2021,2.976878613
59,Audubon,2022,2.502463054
60,Guthrie,2001,3.685915493
60,Guthrie,2002,3.320203304
60,Guthrie,2003,3.121718377
60,Guthrie,2004,3.131108462
60,Guthrie,2005,3.312891114
60,Guthrie,2006,3.184914842
60,Guthrie,2007,3.114888628
60,Guthrie,2008,3.154831199
60,Guthrie,2009,2.846237732
60,Guthrie,2010,2.748953975
60,Guthrie,2011,2.479105928
60,Guthrie,2012,2.700315457
60,Guthrie,2013,2.567213115
60,Guthrie,2014,2.539544962
60,Guthrie,2015,2.6359447
60,Guthrie,2016,2.741147741
60,Guthrie,2017,2.750310559
60,Guthrie,2018,2.511811024
60,Guthrie,2019,2.398277718
60,Guthrie,2020,2.463359639
60,Guthrie,2021,2.72125
60,Guthrie,2022,2.524940618
61,Johnson,2001,5.923385301
61,Johnson,2002,5.969656992
61,Johnson,2003,5.305522914
61,Johnson,2004,0.160014006
61,Johnson,2005,0.160566298
61,Johnson,2006,4.54770206
61,Johnson,2007,4.119398831
61,Johnson,2008,3.862385321
61,Johnson,2009,0.128453708
61,Johnson,2010,0.125761124
61,Johnson,2011,0.12491277
61,Johnson,2012,0.116110623
61,Johnson,2013,0.095984329
61,Johnson,2014,3.337492573
61,Johnson,2015,3.130442704
61,Johnson,2016,3.106514085
61,Johnson,2017,3.182617875
61,Johnson,2018,2.951379974
61,Johnson,2019,2.947277306
61,Johnson,2020,3.124218354
61,Johnson,2021,2.954616588
61,Johnson,2022,2.805112293
62,Dallas,2001,5.550063371
62,Dallas,2002,5.534388314
62,Dallas,2003,5.232279171
62,Dallas,2004,0.642210576
62,Dallas,2005,0.678107607
62,Dallas,2006,5.053374504
62,Dallas,2007,4.867445608
62,Dallas,2008,4.809452363
62,Dallas,2009,0.542564103
62,Dallas,2010,0.1977813
62,Dallas,2011,0.194915254
62,Dallas,2012,0.18220339
62,Dallas,2013,0.184493492
62,Dallas,2014,4.097604035
62,Dallas,2015,4.280780781
62,Dallas,2016,4.457744734
62,Dallas,2017,4.648896603
62,Dallas,2018,4.686161252
62,Dallas,2019,4.82327791
62,Dallas,2020,5.586328019
62,Dallas,2021,5.560547379
62,Dallas,2022,4.772309009
63,Iowa,2001,5.018932874
63,Iowa,2002,5.167844523
63,Iowa,2003,5.040069686
63,Iowa,2004,3.071297989
63,Iowa,2005,2.771428571
63,Iowa,2006,4.992932862
63,Iowa,2007,4.423452769
63,Iowa,2008,4.295527157
63,Iowa,2009,2.174894217
63,Iowa,2010,2.025906736
63,Iowa,2011,1.833125778
63,Iowa,2012,1.847741935
63,Iowa,2013,1.808180536
63,Iowa,2014,3.338842975
63,Iowa,2015,3.534782609
63,Iowa,2016,3.155316607
63,Iowa,2017,3.240506329
63,Iowa,2018,2.85106383
63,Iowa,2019,3.205026455
63,Iowa,2020,3.095705521
63,Iowa,2021,3.329131653
63,Iowa,2022,3.069767442
64,Polk,2001,3.631529851
64,Polk,2002,3.369311426
64,Polk,2003,3.275559985
64,Polk,2004,0
64,Polk,2005,0
64,Polk,2006,3.245659037
64,Polk,2007,2.759082689
64,Polk,2008,2.917455788
64,Polk,2009,0
64,Polk,2010,0
64,Polk,2011,0
64,Polk,2012,0
64,Polk,2013,0
64,Polk,2014,2.234404537
64,Polk,2015,2.201583527
64,Polk,2016,2.195793839
64,Polk,2017,2.134687714
64,Polk,2018,2.070144577
64,Polk,2019,2.09191663
64,Polk,2020,2.178341893
64,Polk,2021,2.120688182
64,Polk,2022,2.086288449
65,Poweshiek,2001,4.228412256
65,Poweshiek,2002,4.308357349
65,Poweshiek,2003,3.955204216
65,Poweshiek,2004,1.529265255
65,Poweshiek,2005,1.481572482
65,Poweshiek,2006,3.714110429
65,Poweshiek,2007,3.652724968
65,Poweshiek,2008,3.602923264
65,Poweshiek,2009,1.182012848
65,Poweshiek,2010,1.076246334
65,Poweshiek,2011,1.014492754
65,Poweshiek,2012,1.083086053
65,Poweshiek,2013,1.130202775
65,Poweshiek,2014,2.892857143
65,Poweshiek,2015,3.022727273
65,Poweshiek,2016,3.088578089
65,Poweshiek,2017,3.316055626
65,Poweshiek,2018,2.790697674
65,Poweshiek,2019,2.690184049
65,Poweshiek,2020,2.966081871
65,Poweshiek,2021,2.967020024
65,Poweshiek,2022,2.99754902
66,Jasper,2001,5.516637478
66,Jasper,2002,4.874503574
66,Jasper,2003,4.621662853
66,Jasper,2004,1.750811162
66,Jasper,2005,1.172320217
66,Jasper,2006,3.582286056
66,Jasper,2007,3.258779038
66,Jasper,2008,3.070552147
66,Jasper,2009,0.821480406
66,Jasper,2010,0.788041053
66,Jasper,2011,0.785386029
66,Jasper,2012,0.746971736
66,Jasper,2013,0.702714731
66,Jasper,2014,2.414342629
66,Jasper,2015,2.422597865
66,Jasper,2016,2.463392451
66,Jasper,2017,2.351099831
66,Jasper,2018,2.238576628
66,Jasper,2019,2.351788756
66,Jasper,2020,2.637378641
66,Jasper,2021,2.747852451
66,Jasper,2022,2.358629662
67,Scott,2001,3.537618986
67,Scott,2002,3.099059849
67,Scott,2003,2.956779941
67,Scott,2004,0
67,Scott,2005,0
67,Scott,2006,2.691489362
67,Scott,2007,2.698676151
67,Scott,2008,2.640808963
67,Scott,2009,0
67,Scott,2010,0
67,Scott,2011,0
67,Scott,2012,0
67,Scott,2013,0
67,Scott,2014,2.537848979
67,Scott,2015,2.170497018
67,Scott,2016,2.166905103
67,Scott,2017,2.314573207
67,Scott,2018,2.222176826
67,Scott,2019,2.476678251
67,Scott,2020,2.461965575
67,Scott,2021,2.632912641
67,Scott,2022,2.604605393
68,Muscatine,2001,3.50463392
68,Muscatine,2002,3.436305732
68,Muscatine,2003,3.0410618
68,Muscatine,2004,0.354983203
68,Muscatine,2005,0.329268293
68,Muscatine,2006,2.901861908
68,Muscatine,2007,2.524402558
68,Muscatine,2008,2.483164433
68,Muscatine,2009,0.239042676
68,Muscatine,2010,0.242882562
68,Muscatine,2011,0.232026144
68,Muscatine,2012,0.219225634
68,Muscatine,2013,0.215734649
68,Muscatine,2014,1.986714642
68,Muscatine,2015,2.02676259
68,Muscatine,2016,2.052339181
68,Muscatine,2017,1.949242849
68,Muscatine,2018,1.986701359
68,Muscatine,2019,2.108385093
68,Muscatine,2020,2.107097187
68,Muscatine,2021,2.064700285
68,Muscatine,2022,2.005588327
69,Pottawattamie,2001,3.51176591
69,Pottawattamie,2002,3.001515439
69,Pottawattamie,2003,2.784119523
69,Pottawattamie,2004,0.642938404
69,Pottawattamie,2005,0.576710899
69,Pottawattamie,2006,2.369722383
69,Pottawattamie,2007,2.28144388
69,Pottawattamie,2008,2.243133975
69,Pottawattamie,2009,0.485591342
69,Pottawattamie,2010,0.481539465
69,Pottawattamie,2011,0.443564115
69,Pottawattamie,2012,0.467661052
69,Pottawattamie,2013,0.50234192
69,Pottawattamie,2014,2.404523013
69,Pottawattamie,2015,2.013142174
69,Pottawattamie,2016,1.892371083
69,Pottawattamie,2017,2.207467057
69,Pottawattamie,2018,2.457170827
69,Pottawattamie,2019,1.94084579
69,Pottawattamie,2020,1.851801242
69,Pottawattamie,2021,1.880559085
69,Pottawattamie,2022,2.074581006
70,Cass,2001,3.381927711
70,Cass,2002,3.115341545
70,Cass,2003,2.984340045
70,Cass,2004,1.207383279
70,Cass,2005,1.100303951
70,Cass,2006,2.805194805
70,Cass,2007,2.805038335
70,Cass,2008,2.626272912
70,Cass,2009,0.987000929
70,Cass,2010,0.978840846
70,Cass,2011,0.910062333
70,Cass,2012,1.080204778
70,Cass,2013,1.015835313
70,Cass,2014,2.183359014
70,Cass,2015,2.240506329
70,Cass,2016,2.257075472
70,Cass,2017,2.382305195
70,Cass,2018,2.054416961
70,Cass,2019,2.22906793
70,Cass,2020,2.07976269
70,Cass,2021,2.117888965
70,Cass,2022,2.4306894
71,Washington,2001,4.574772432
71,Washington,2002,4.277575758
71,Washington,2003,3.903190319
71,Washington,2004,0.675257732
71,Washington,2005,0.65129683
71,Washington,2006,3.433678269
71,Washington,2007,3.672195122
71,Washington,2008,3.314734089
71,Washington,2009,0.612698413
71,Washington,2010,0.602707006
71,Washington,2011,0.567505721
71,Washington,2012,0.545652174
71,Washington,2013,0.513636364
71,Washington,2014,2.817541112
71,Washington,2015,2.803671189
71,Washington,2016,3.05311973
71,Washington,2017,3.174222222
71,Washington,2018,2.843925986
71,Washington,2019,2.864187551
71,Washington,2020,2.721732157
71,Washington,2021,2.835
71,Washington,2022,2.76097561
72,Adair,2001,3.179624665
72,Adair,2002,3.142091153
72,Adair,2003,3.34870317
72,Adair,2004,3.845890411
72,Adair,2005,3.35451505
72,Adair,2006,3.419243986
72,Adair,2007,3.342657343
72,Adair,2008,3.081168831
72,Adair,2009,2.640804598
72,Adair,2010,2.392670157
72,Adair,2011,2.439678284
72,Adair,2012,2.433427762
72,Adair,2013,2.260869565
72,Adair,2014,2.314447592
72,Adair,2015,2.294285714
72,Adair,2016,2.235294118
72,Adair,2017,2
72,Adair,2018,1.912408759
72,Adair,2019,2.015873016
72,Adair,2020,1.856079404
72,Adair,2021,2.346405229
72,Adair,2022,2.019553073
73,Keokuk,2001,3.742765273
73,Keokuk,2002,3.496904025
73,Keokuk,2003,3.521875
73,Keokuk,2004,3.5360134
73,Keokuk,2005,3.231467474
73,Keokuk,2006,3.491909385
73,Keokuk,2007,4.078095238
73,Keokuk,2008,3.47704918
73,Keokuk,2009,3.078461538
73,Keokuk,2010,2.812233286
73,Keokuk,2011,2.902883156
73,Keokuk,2012,3.055194805
73,Keokuk,2013,2.984562607
73,Keokuk,2014,3.270871985
73,Keokuk,2015,3.350674374
73,Keokuk,2016,3.468503937
73,Keokuk,2017,3.557142857
73,Keokuk,2018,3.295238095
73,Keokuk,2019,2.438914027
73,Keokuk,2020,2.588938714
73,Keokuk,2021,2.714285714
73,Keokuk,2022,2.557739558
74,Warren,2001,6.999082569
74,Warren,2002,6.538655462
74,Warren,2003,6.321371611
74,Warren,2004,0.82689211
74,Warren,2005,0.706711409
74,Warren,2006,5.455891822
74,Warren,2007,5.409147095
74,Warren,2008,5.017734554
74,Warren,2009,0.565506653
74,Warren,2010,0.505288462
74,Warren,2011,0.469610844
74,Warren,2012,0.46406053
74,Warren,2013,0.438558402
74,Warren,2014,4.054988914
74,Warren,2015,3.8218107
74,Warren,2016,3.970500214
74,Warren,2017,4.834532374
74,Warren,2018,3.537563822
74,Warren,2019,3.776493256
74,Warren,2020,4.231728289
74,Warren,2021,4.233417296
74,Warren,2022,3.795522388
75,Madison,2001,5.446927374
75,Madison,2002,5.682926829
75,Madison,2003,4.823434992
75,Madison,2004,2.239197531
75,Madison,2005,2.244509517
75,Madison,2006,4.568654646
75,Madison,2007,4.232142857
75,Madison,2008,4.203324808
75,Madison,2009,1.710816777
75,Madison,2010,1.526732673
75,Madison,2011,1.512512513
75,Madison,2012,1.63559322
75,Madison,2013,1.518518519
75,Madison,2014,3.266528926
75,Madison,2015,3.482102908
75,Madison,2016,3.58147714
75,Madison,2017,3.767990074
75,Madison,2018,3.36043956
75,Madison,2019,3.352747253
75,Madison,2020,3.331838565
75,Madison,2021,3.645314353
75,Madison,2022,3.512280702
76,Mahaska,2001,3.449484536
76,Mahaska,2002,3.325773196
76,Mahaska,2003,2.943594646
76,Mahaska,2004,0.657894737
76,Mahaska,2005,0.679584121
76,Mahaska,2006,2.842440801
76,Mahaska,2007,2.919444444
76,Mahaska,2008,2.600478469
76,Mahaska,2009,0.532027129
76,Mahaska,2010,0.51754386
76,Mahaska,2011,0.635454545
76,Mahaska,2012,0.428049671
76,Mahaska,2013,0.373304782
76,Mahaska,2014,2.197097021
76,Mahaska,2015,2.226475279
76,Mahaska,2016,2.062130178
76,Mahaska,2017,2.106167057
76,Mahaska,2018,2.107605178
76,Mahaska,2019,2.280701754
76,Mahaska,2020,2.372093023
76,Mahaska,2021,2.610204082
76,Mahaska,2022,2.306654676
77,Marion,2001,4.856796117
77,Marion,2002,4.62236122
77,Marion,2003,4.138515901
77,Marion,2004,1.18488628
77,Marion,2005,1.175243394
77,Marion,2006,4.052809749
77,Marion,2007,3.876140808
77,Marion,2008,3.85
77,Marion,2009,0.877950489
77,Marion,2010,0.846629213
77,Marion,2011,0.844036697
77,Marion,2012,0.833902162
77,Marion,2013,0.816486161
77,Marion,2014,3.181818182
77,Marion,2015,3.224464832
77,Marion,2016,3.130153121
77,Marion,2017,3.587322994
77,Marion,2018,3.177177177
77,Marion,2019,3.258143823
77,Marion,2020,3.48655914
77,Marion,2021,3.423101882
77,Marion,2022,3.108250439
78,Louisa,2001,2.98281092
78,Louisa,2002,2.435323383
78,Louisa,2003,2.381933439
78,Louisa,2004,1.444615385
78,Louisa,2005,2.190618019
78,Louisa,2006,2.149492017
78,Louisa,2007,2.136664217
78,Louisa,2008,1.980631277
78,Louisa,2009,1.854421769
78,Louisa,2010,1.804218853
78,Louisa,2011,1.834965035
78,Louisa,2012,1.905435592
78,Louisa,2013,1.836091411
78,Louisa,2014,1.890983607
78,Louisa,2015,1.969749352
78,Louisa,2016,2.09082397
78,Louisa,2017,2.081573896
78,Louisa,2018,2.094768016
78,Louisa,2019,2.046123651
78,Louisa,2020,2.193169691
78,Louisa,2021,2.387440758
78,Louisa,2022,2.168103448
79,Mills,2001,3.741758242
79,Mills,2002,3.517647059
79,Mills,2003,3.397243108
79,Mills,2004,0.839490446
79,Mills,2005,0.850247525
79,Mills,2006,3.083615819
79,Mills,2007,3.15967366
79,Mills,2008,2.906708595
79,Mills,2009,0.611518325
79,Mills,2010,0.544046467
79,Mills,2011,0.542688911
79,Mills,2012,0.52016129
79,Mills,2013,0.505364807
79,Mills,2014,2.733861835
79,Mills,2015,2.862837046
79,Mills,2016,2.672586016
79,Mills,2017,2.658965897
79,Mills,2018,2.599787686
79,Mills,2019,2.678043231
79,Mills,2020,2.518796992
79,Mills,2021,2.952020202
79,Mills,2022,2.569868996
80,Montgomery,2001,3.016566265
80,Montgomery,2002,2.941520468
80,Montgomery,2003,2.73943662
80,Montgomery,2004,0.955801105
80,Montgomery,2005,0.911227154
80,Montgomery,2006,2.345165239
80,Montgomery,2007,2.374371859
80,Montgomery,2008,2.295652174
80,Montgomery,2009,0.749419954
80,Montgomery,2010,0.691629956
80,Montgomery,2011,0.652497343
80,Montgomery,2012,0.60170394
80,Montgomery,2013,0.59622196
80,Montgomery,2014,1.895486936
80,Montgomery,2015,1.887058824
80,Montgomery,2016,1.855981417
80,Montgomery,2017,1.842925659
80,Montgomery,2018,1.712514092
80,Montgomery,2019,1.827918171
80,Montgomery,2020,2.022818792
80,Montgomery,2021,1.946182728
80,Montgomery,2022,1.85483871
81,Adams,2001,3.153846154
81,Adams,2002,2.777327935
81,Adams,2003,2.952991453
81,Adams,2004,2.676855895
81,Adams,2005,2.647577093
81,Adams,2006,2.288537549
81,Adams,2007,2.38247012
81,Adams,2008,2.5
81,Adams,2009,2.402597403
81,Adams,2010,2.090909091
81,Adams,2011,2.066666667
81,Adams,2012,2.185654008
81,Adams,2013,2.044052863
81,Adams,2014,2.085972851
81,Adams,2015,2.09
81,Adams,2016,2.069306931
81,Adams,2017,2.193181818
81,Adams,2018,1.947643979
81,Adams,2019,2.239520958
81,Adams,2020,2.396341463
81,Adams,2021,2.855072464
81,Adams,2022,2.302325581
82,Henry,2001,3.951965066
82,Henry,2002,3.980434783
82,Henry,2003,3.63803681
82,Henry,2004,1.364573571
82,Henry,2005,1.286328461
82,Henry,2006,2.991035045
82,Henry,2007,2.832444783
82,Henry,2008,2.604584527
82,Henry,2009,1.008730692
82,Henry,2010,0.949501247
82,Henry,2011,0.986648865
82,Henry,2012,0.961290323
82,Henry,2013,0.919185283
82,Henry,2014,2.279116466
82,Henry,2015,2.307113543
82,Henry,2016,2.267520216
82,Henry,2017,2.286103542
82,Henry,2018,2.041256158
82,Henry,2019,2.069899244
82,Henry,2020,2.070917372
82,Henry,2021,2.102094241
82,Henry,2022,2.122654155
83,Jefferson,2001,3.933202358
83,Jefferson,2002,4.072614108
83,Jefferson,2003,3.651205937
83,Jefferson,2004,0
83,Jefferson,2005,0
83,Jefferson,2006,2.681303116
83,Jefferson,2007,2.791344668
83,Jefferson,2008,2.941666667
83,Jefferson,2009,0
83,Jefferson,2010,0
83,Jefferson,2011,0
83,Jefferson,2012,0
83,Jefferson,2013,0
83,Jefferson,2014,2.142857143
83,Jefferson,2015,2.417027417
83,Jefferson,2016,2.414201183
83,Jefferson,2017,2.191279887
83,Jefferson,2018,1.94081381
83,Jefferson,2019,2.194499018
83,Jefferson,2020,2.227737226
83,Jefferson,2021,2.426940639
83,Jefferson,2022,2.264026403
84,Union,2001,2.84180791
84,Union,2002,2.632876712
84,Union,2003,2.538764783
84,Union,2004,0.543178974
84,Union,2005,0.564779874
84,Union,2006,2.36809816
84,Union,2007,2.426143791
84,Union,2008,2.474784748
84,Union,2009,0.54587156
84,Union,2010,0.506214689
84,Union,2011,0.478488982
84,Union,2012,0.514871795
84,Union,2013,0.474257426
84,Union,2014,1.867446394
84,Union,2015,1.806451613
84,Union,2016,1.824902724
84,Union,2017,1.813461538
84,Union,2018,1.641207815
84,Union,2019,1.616838488
84,Union,2020,1.81195757
84,Union,2021,2.058558559
84,Union,2022,1.860851506
85,Wapello,2001,2.535700351
85,Wapello,2002,2.283735795
85,Wapello,2003,3.474824039
85,Wapello,2004,0.524477919
85,Wapello,2005,0.501664447
85,Wapello,2006,2.101219914
85,Wapello,2007,2.294990724
85,Wapello,2008,2.129755435
85,Wapello,2009,0.532447818
85,Wapello,2010,0.445292621
85,Wapello,2011,0.448762144
85,Wapello,2012,0.442485306
85,Wapello,2013,0.479140329
85,Wapello,2014,1.878244153
85,Wapello,2015,2.076491228
85,Wapello,2016,2.191176471
85,Wapello,2017,2.334887335
85,Wapello,2018,2.000330907
85,Wapello,2019,2.089730467
85,Wapello,2020,4.296089385
85,Wapello,2021,2.245317003
85,Wapello,2022,2.195749057
86,Clarke,2001,2.732824427
86,Clarke,2002,2.647230321
86,Clarke,2003,2.387009472
86,Clarke,2004,0.486750349
86,Clarke,2005,0.472222222
86,Clarke,2006,2.396423249
86,Clarke,2007,2.457777778
86,Clarke,2008,2.349726776
86,Clarke,2009,0.424129353
86,Clarke,2010,0.421185372
86,Clarke,2011,0.403055229
86,Clarke,2012,0.376734258
86,Clarke,2013,0.352878465
86,Clarke,2014,1.740779768
86,Clarke,2015,1.664676617
86,Clarke,2016,1.722567288
86,Clarke,2017,1.777895855
86,Clarke,2018,1.794475138
86,Clarke,2019,1.758314856
86,Clarke,2020,2.007741935
86,Clarke,2021,1.85315534
86,Clarke,2022,1.819460727
87,Lucas,2001,2.842391304
87,Lucas,2002,2.700361011
87,Lucas,2003,2.734797297
87,Lucas,2004,0.219512195
87,Lucas,2005,0.251177394
87,Lucas,2006,2.463190184
87,Lucas,2007,2.383502171
87,Lucas,2008,2.335866261
87,Lucas,2009,0
87,Lucas,2010,0
87,Lucas,2011,0
87,Lucas,2012,0
87,Lucas,2013,0
87,Lucas,2014,1.896453901
87,Lucas,2015,1.902985075
87,Lucas,2016,1.897125567
87,Lucas,2017,1.882075472
87,Lucas,2018,1.8
87,Lucas,2019,1.743813683
87,Lucas,2020,1.828746177
87,Lucas,2021,1.771048744
87,Lucas,2022,1.857798165
88,Monroe,2001,2.931707317
88,Monroe,2002,2.640798226
88,Monroe,2003,3.370572207
88,Monroe,2004,0
88,Monroe,2005,0
88,Monroe,2006,2.801909308
88,Monroe,2007,3.016393443
88,Monroe,2008,3.092105263
88,Monroe,2009,0
88,Monroe,2010,0
88,Monroe,2011,0
88,Monroe,2012,0
88,Monroe,2013,0
88,Monroe,2014,2.652272727
88,Monroe,2015,2.546840959
88,Monroe,2016,2.683371298
88,Monroe,2017,2.726618705
88,Monroe,2018,2.67370892
88,Monroe,2019,2.48245614
88,Monroe,2020,2.581235698
88,Monroe,2021,2.869109948
88,Monroe,2022,2.434782609
89,Des Moines,2001,3.131386861
89,Des Moines,2002,3.016057092
89,Des Moines,2003,2.686810943
89,Des Moines,2004,0.943117673
89,Des Moines,2005,0.815605447
89,Des Moines,2006,2.638968481
89,Des Moines,2007,2.351831701
89,Des Moines,2008,2.355014535
89,Des Moines,2009,0.766295171
89,Des Moines,2010,0.715894869
89,Des Moines,2011,0.704280156
89,Des Moines,2012,0.677053824
89,Des Moines,2013,0.680131658
89,Des Moines,2014,1.983156581
89,Des Moines,2015,1.898787879
89,Des Moines,2016,1.957002845
89,Des Moines,2017,1.968171484
89,Des Moines,2018,1.840628853
89,Des Moines,2019,1.843964978
89,Des Moines,2020,2.030367989
89,Des Moines,2021,2.133136095
89,Des Moines,2022,1.928424658
90,Fremont,2001,2.879017013
90,Fremont,2002,2.783783784
90,Fremont,2003,2.605263158
90,Fremont,2004,2.534804754
90,Fremont,2005,2.289269051
90,Fremont,2006,2.512690355
90,Fremont,2007,2.559585492
90,Fremont,2008,2.393887946
90,Fremont,2009,2.44646098
90,Fremont,2010,2.270223752
90,Fremont,2011,2.227350427
90,Fremont,2012,2.166666667
90,Fremont,2013,2.059139785
90,Fremont,2014,2.273809524
90,Fremont,2015,2.373716632
90,Fremont,2016,2.264583333
90,Fremont,2017,2.399484536
90,Fremont,2018,2.210772834
90,Fremont,2019,2.165644172
90,Fremont,2020,2.430894309
90,Fremont,2021,2.25708061
90,Fremont,2022,2.114052953
91,Page,2001,3.591939547
91,Page,2002,3.272619048
91,Page,2003,2.838974359
91,Page,2004,0.540950455
91,Page,2005,0.575787402
91,Page,2006,2.844354018
91,Page,2007,2.865546218
91,Page,2008,2.506861848
91,Page,2009,0.396085741
91,Page,2010,0.368374558
91,Page,2011,0.386554622
91,Page,2012,0.339333933
91,Page,2013,1.214349776
91,Page,2014,2.452173913
91,Page,2015,2.320036265
91,Page,2016,2.320976492
91,Page,2017,2.355454545
91,Page,2018,2.044751831
91,Page,2019,2.033167496
91,Page,2020,2.019861831
91,Page,2021,2.169144981
91,Page,2022,2.365656566
92,Taylor,2001,2.550218341
92,Taylor,2002,2.433884298
92,Taylor,2003,2.497826087
92,Taylor,2004,2.387614679
92,Taylor,2005,2.56127451
92,Taylor,2006,2.257918552
92,Taylor,2007,2.265765766
92,Taylor,2008,2.304651163
92,Taylor,2009,2.00203252
92,Taylor,2010,1.911439114
92,Taylor,2011,1.911985019
92,Taylor,2012,1.896810507
92,Taylor,2013,1.913865546
92,Taylor,2014,2.022075055
92,Taylor,2015,1.987341772
92,Taylor,2016,2.054669704
92,Taylor,2017,2.215686275
92,Taylor,2018,1.997826087
92,Taylor,2019,2.065217391
92,Taylor,2020,1.958762887
92,Taylor,2021,2.164759725
92,Taylor,2022,2.142857143
93,Ringgold,2001,2.86440678
93,Ringgold,2002,2.296187683
93,Ringgold,2003,2.318452381
93,Ringgold,2004,2.369369369
93,Ringgold,2005,2.358024691
93,Ringgold,2006,2.355828221
93,Ringgold,2007,2.431677019
93,Ringgold,2008,2.36746988
93,Ringgold,2009,2.38253012
93,Ringgold,2010,2.224489796
93,Ringgold,2011,2.225714286
93,Ringgold,2012,2.059895833
93,Ringgold,2013,2.108187135
93,Ringgold,2014,2.171597633
93,Ringgold,2015,2.181008902
93,Ringgold,2016,2.195845697
93,Ringgold,2017,2.3125
93,Ringgold,2018,2.440273038
93,Ringgold,2019,1.994459834
93,Ringgold,2020,1.84
93,Ringgold,2021,2.565217391
93,Ringgold,2022,2.170278638
94,Van Buren,2001,3.134433962
94,Van Buren,2002,3.055172414
94,Van Buren,2003,2.964454976
94,Van Buren,2004,2.866834171
94,Van Buren,2005,2.990407674
94,Van Buren,2006,2.86407767
94,Van Buren,2007,2.673378076
94,Van Buren,2008,2.78708134
94,Van Buren,2009,2.327868852
94,Van Buren,2010,2.106425703
94,Van Buren,2011,2.063157895
94,Van Buren,2012,2.015250545
94,Van Buren,2013,1.875278396
94,Van Buren,2014,2.239130435
94,Van Buren,2015,1.94600939
94,Van Buren,2016,1.95308642
94,Van Buren,2017,2.056847545
94,Van Buren,2018,2.053846154
94,Van Buren,2019,1.9075
94,Van Buren,2020,1.919799499
94,Van Buren,2021,1.9875
94,Van Buren,2022,1.739224138
95,Davis,2001,3.299465241
95,Davis,2002,3.269021739
95,Davis,2003,3.193467337
95,Davis,2004,0
95,Davis,2005,0
95,Davis,2006,3.02955665
95,Davis,2007,3.06234414
95,Davis,2008,2.985507246
95,Davis,2009,0
95,Davis,2010,0
95,Davis,2011,0
95,Davis,2012,0
95,Davis,2013,0
95,Davis,2014,2.532359081
95,Davis,2015,2.686534216
95,Davis,2016,2.293457944
95,Davis,2017,2.057093426
95,Davis,2018,1.945072698
95,Davis,2019,1.886153846
95,Davis,2020,1.977124183
95,Davis,2021,2.200716846
95,Davis,2022,2.244897959
96,Decatur,2001,2.34796748
96,Decatur,2002,2.019471488
96,Decatur,2003,2.134146341
96,Decatur,2004,2.251599147
96,Decatur,2005,2.072243346
96,Decatur,2006,2.215163934
96,Decatur,2007,2.208588957
96,Decatur,2008,2.046345811
96,Decatur,2009,1.855946399
96,Decatur,2010,1.679136691
96,Decatur,2011,1.608695652
96,Decatur,2012,1.696562033
96,Decatur,2013,1.592424242
96,Decatur,2014,1.658536585
96,Decatur,2015,1.61722488
96,Decatur,2016,1.662229617
96,Decatur,2017,1.775322284
96,Decatur,2018,1.695121951
96,Decatur,2019,1.681184669
96,Decatur,2020,1.615
96,Decatur,2021,1.837383178
96,Decatur,2022,1.54375
97,Wayne,2001,2.321353066
97,Wayne,2002,2.289527721
97,Wayne,2003,2.284782609
97,Wayne,2004,1.946791862
97,Wayne,2005,2.006299213
97,Wayne,2006,2.057142857
97,Wayne,2007,2.121212121
97,Wayne,2008,2.080139373
97,Wayne,2009,2.010714286
97,Wayne,2010,1.983636364
97,Wayne,2011,1.837412587
97,Wayne,2012,1.872791519
97,Wayne,2013,1.89943074
97,Wayne,2014,1.894026975
97,Wayne,2015,1.810763889
97,Wayne,2016,1.84
97,Wayne,2017,1.935779817
97,Wayne,2018,1.95505618
97,Wayne,2019,1.892531876
97,Wayne,2020,1.770197487
97,Wayne,2021,1.847549909
97,Wayne,2022,1.835489834
98,Appanoose,2001,2.460710441
98,Appanoose,2002,2.453450164
98,Appanoose,2003,2.372881356
98,Appanoose,2004,0.608267717
98,Appanoose,2005,0.605476673
98,Appanoose,2006,2.261980831
98,Appanoose,2007,2.168945313
98,Appanoose,2008,2.203219316
98,Appanoose,2009,0.608024691
98,Appanoose,2010,0.656684492
98,Appanoose,2011,0.649681529
98,Appanoose,2012,0.625
98,Appanoose,2013,0.668171558
98,Appanoose,2014,2.13258427
98,Appanoose,2015,2.113101904
98,Appanoose,2016,1.817652764
98,Appanoose,2017,1.793333333
98,Appanoose,2018,1.615252785
98,Appanoose,2019,1.891393443
98,Appanoose,2020,1.927597062
98,Appanoose,2021,1.930810811
98,Appanoose,2022,2.021348315
99,Lee,2001,2.633165829
99,Lee,2002,2.523560209
99,Lee,2003,2.377906977
99,Lee,2004,0
99,Lee,2005,0
99,Lee,2006,2.262261014
99,Lee,2007,2.353893263
99,Lee,2008,2.111154907
99,Lee,2009,0
99,Lee,2010,0.438162544
99,Lee,2011,0
99,Lee,2012,0
99,Lee,2013,0
99,Lee,2014,1.882621951
99,Lee,2015,2.094413166
99,Lee,2016,2.099559471
99,Lee,2017,1.868639053
99,Lee,2018,1.850456168
99,Lee,2019,1.845275591
99,Lee,2020,1.898538961
99,Lee,2021,1.838347373
99,Lee,2022,1.904351396